Signature,GSE68465,GSE72094,Testing,Training,Average,ExternalMean,MinValidation,Source,Type,Year,Endpoint,Note,PMID,SignatureGeneN,Genes
ML_DDRscore,0.622808474653056,0.62767753683165,0.702197288452548,0.84838804315937,0.700267835774156,0.625243005742353,0.622808474653056,This_study,MO_DDRscore_derived_ML_model,2026,OS,this_study,,,
Hu_2020_LUAD_DNARepair13,0.540478096072243,0.589571263035921,0.765310892940627,0.632493398963393,0.631963412753046,0.565024679554082,0.540478096072243,Hu_2020,DNA_repair_LUAD,2020,OS,verified_original_formula,33330576,13,ADA;BCAM;CANT1;ERCC8;HCLS1;NCBP2;NME1;NME4;POLA2;RFC5;SSRP1;STX3;TYMS
Zhao_2022_EarlyLUAD_DRG16,0.560320744174809,0.600562820725046,0.644226273959794,0.625354500114092,0.607616084743435,0.580441782449927,0.560320744174809,Zhao_2022,DDR_EarlyLUAD,2022,OS,verified_original_formula,35813819,16,PCNA;XRCC5;XRCC6;RFC3;FANCL;NEIL1;NEIL3;NBN;ERCC1;REV3L;REV1;HFM1;DDB1;EXO1;RAD23B;POLD2
Li_2022_NSCLC_DDR6,0.547937965298017,0.586889587816587,0.641888733052829,0.635199009029566,0.60297882379925,0.567413776557302,0.547937965298017,Li_2022,DDR_NSCLC,2022,OS,verified_original_formula,36408135,6,CDC25C;NEIL3;H2AFX;NBN;XRCC5;RAD1
Chen_2021_LUAD_DRG6,0.548119176696214,0.585068697235557,0.639083683964469,0.612739185709163,0.596252685901351,0.566593936965886,0.548119176696214,Chen_2021,DDR_LUAD,2021,OS,verified_original_formula,34017369,6,DDB1;BTG2;DMAP1;PTTG1;SMAD3;SMUG1
Li_2022_RespRes_DCG4,0.563990274988297,0.583082271147161,0.632071061243572,0.602144929425954,0.595322134201246,0.573536273067729,0.563990274988297,Li_2022_RespRes,DDR_checkpoint_LUAD,2022,OS,verified_original_formula,35840978,4,PLK1;PLK2;PRKDC;NBN
Yang_2020_SurgLUAD_DNARepair6,0.50091360746591,0.561066048667439,0.553529686769519,0.586758809531571,0.55056703810861,0.530989828066674,0.50091360746591,Yang_2020,DNA_repair_SurgLUAD,2020,OS,verified_original_formula,33304656,6,PLK1;FOXM1;PTTG1;CCNO;HIST3H2A;BLM
