Dataset,N,Events,Cindex
Training,401,145,0.868598624376569
Testing,102,37,0.726975222066386
GSE72094,398,113,0.642973017712299
GSE68465,442,236,0.622853777502605
